{
  "L1_P50": 2253.725,
  "L1_P95": 3811.81265,
  "L1_P99": 8368.247220000001,
  "L1_mean": 2533.08207,
  "L2_P50": 11268.625,
  "L2_P95": 19059.06325,
  "L3_P50": 15.0,
  "L3_P95": 45.0
}